<?xml version="1.0" encoding="UTF-8"?>
<project-private xmlns="http://www.netbeans.org/ns/project-private/1">
    <editor-bookmarks xmlns="http://www.netbeans.org/ns/editor-bookmarks/2" lastBookmarkId="1">
        <file>
            <url>test/search_punbjabi_videos.php</url>
            <bookmark id="1">
                <name/>
                <line>15</line>
                <key/>
            </bookmark>
        </file>
    </editor-bookmarks>
    <open-files xmlns="http://www.netbeans.org/ns/projectui-open-files/2">
        <group>
            <file>file:/Library/WebServer/Documents/api.vsadmin.patidarsena.in/v1/index.php</file>
        </group>
    </open-files>
</project-private>
