{"ad_ids":{"google_appopen":"ca-app-pub-3940256099942544\/3419835294","google_appopen_2":"ca-app-pub-3940256099942544\/3419835294","google_appopen_3":"ca-app-pub-3940256099942544\/3419835294","google_banner":"ca-app-pub-3940256099942544\/6300978111","google_fullad":"ca-app-pub-3940256099942544\/1033173712","google_fullad_2":"ca-app-pub-3940256099942544\/1033173712","google_fullad_3":"ca-app-pub-3940256099942544\/1033173712","google_fullad_splash":"ca-app-pub-3940256099942544\/1033173712","google_reward_ad":"ca-app-pub-3940256099942544\/3419835294","google_native":"ca-app-pub-3940256099942544\/2247696110","google_native_2":"ca-app-pub-3940256099942544\/2247696110","google_native_3":"ca-app-pub-3940256099942544\/2247696110","fb_full_ad":"","fb_banner":"","fb_full_native":"","fb_native_banner":"","fb_dialog":"","mediation":"0","status":"1","update_status":"1","ad_dialogue":"0","open_inter":"0","in_house":"0"},"ads":{"ad_call":"0","ac_name":"ac_name","adptive_banner":"1","anim":"0","email":"girl6g4@gmail.com","back_ad_count":"0","forward_ad_count":"0","forward_ad":"","back_ad":"","native_end_time":"23:59","native_start_time":"09:10","native_size":"3","exit_native_ad":"0","qureka_ad":"1","qureka_url":"http:\/\/1341.win.qureka.com\/","xcount":"3","xminute":"1","position1":"","position2":"","position3":""},"path":"https:\/\/play.google.com\/store\/apps\/details?id=com.bhulekh.anyror.satbarautara.gujaratbhulekh.landrecords.gujaratROR","app_status":"0"}